"Scénario","Sexe","Niveau de formation","Année","Nombre de personnes"
"Scénario C-00-2025 'bas'","Hommes","Sans formation post-obligatoire","2024",323797
"Scénario C-00-2025 'bas'","Hommes","Sans formation post-obligatoire","2025",318356
"Scénario C-00-2025 'bas'","Hommes","Sans formation post-obligatoire","2026",312267
"Scénario C-00-2025 'bas'","Hommes","Sans formation post-obligatoire","2027",305848
"Scénario C-00-2025 'bas'","Hommes","Sans formation post-obligatoire","2028",299127
"Scénario C-00-2025 'bas'","Hommes","Sans formation post-obligatoire","2029",292237
"Scénario C-00-2025 'bas'","Hommes","Sans formation post-obligatoire","2030",286005
"Scénario C-00-2025 'bas'","Hommes","Sans formation post-obligatoire","2031",280837
"Scénario C-00-2025 'bas'","Hommes","Sans formation post-obligatoire","2032",276079
"Scénario C-00-2025 'bas'","Hommes","Sans formation post-obligatoire","2033",271526
"Scénario C-00-2025 'bas'","Hommes","Sans formation post-obligatoire","2034",267307
"Scénario C-00-2025 'bas'","Hommes","Sans formation post-obligatoire","2035",263491
"Scénario C-00-2025 'bas'","Hommes","Sans formation post-obligatoire","2036",260190
"Scénario C-00-2025 'bas'","Hommes","Sans formation post-obligatoire","2037",257608
"Scénario C-00-2025 'bas'","Hommes","Sans formation post-obligatoire","2038",255942
"Scénario C-00-2025 'bas'","Hommes","Sans formation post-obligatoire","2039",255059
"Scénario C-00-2025 'bas'","Hommes","Sans formation post-obligatoire","2040",255214
"Scénario C-00-2025 'bas'","Hommes","Sans formation post-obligatoire","2041",256320
"Scénario C-00-2025 'bas'","Hommes","Sans formation post-obligatoire","2042",258347
"Scénario C-00-2025 'bas'","Hommes","Sans formation post-obligatoire","2043",261411
"Scénario C-00-2025 'bas'","Hommes","Sans formation post-obligatoire","2044",265162
"Scénario C-00-2025 'bas'","Hommes","Sans formation post-obligatoire","2045",269414
"Scénario C-00-2025 'bas'","Hommes","Sans formation post-obligatoire","2046",274542
"Scénario C-00-2025 'bas'","Hommes","Sans formation post-obligatoire","2047",279354
"Scénario C-00-2025 'bas'","Hommes","Sans formation post-obligatoire","2048",284259
"Scénario C-00-2025 'bas'","Hommes","Sans formation post-obligatoire","2049",289392
"Scénario C-00-2025 'bas'","Hommes","Sans formation post-obligatoire","2050",294682
"Scénario C-00-2025 'bas'","Hommes","Sans formation post-obligatoire","2051",300178
"Scénario C-00-2025 'bas'","Hommes","Sans formation post-obligatoire","2052",305865
"Scénario C-00-2025 'bas'","Hommes","Sans formation post-obligatoire","2053",311665
"Scénario C-00-2025 'bas'","Hommes","Sans formation post-obligatoire","2054",317797
"Scénario C-00-2025 'bas'","Hommes","Sans formation post-obligatoire","2055",324130
"Scénario C-00-2025 'bas'","Hommes","Degré secondaire II","2024",955245
"Scénario C-00-2025 'bas'","Hommes","Degré secondaire II","2025",944992
"Scénario C-00-2025 'bas'","Hommes","Degré secondaire II","2026",935260
"Scénario C-00-2025 'bas'","Hommes","Degré secondaire II","2027",926937
"Scénario C-00-2025 'bas'","Hommes","Degré secondaire II","2028",916895
"Scénario C-00-2025 'bas'","Hommes","Degré secondaire II","2029",906660
"Scénario C-00-2025 'bas'","Hommes","Degré secondaire II","2030",896239
"Scénario C-00-2025 'bas'","Hommes","Degré secondaire II","2031",885779
"Scénario C-00-2025 'bas'","Hommes","Degré secondaire II","2032",875656
"Scénario C-00-2025 'bas'","Hommes","Degré secondaire II","2033",866239
"Scénario C-00-2025 'bas'","Hommes","Degré secondaire II","2034",859440
"Scénario C-00-2025 'bas'","Hommes","Degré secondaire II","2035",853279
"Scénario C-00-2025 'bas'","Hommes","Degré secondaire II","2036",847453
"Scénario C-00-2025 'bas'","Hommes","Degré secondaire II","2037",842379
"Scénario C-00-2025 'bas'","Hommes","Degré secondaire II","2038",837217
"Scénario C-00-2025 'bas'","Hommes","Degré secondaire II","2039",832265
"Scénario C-00-2025 'bas'","Hommes","Degré secondaire II","2040",827315
"Scénario C-00-2025 'bas'","Hommes","Degré secondaire II","2041",821562
"Scénario C-00-2025 'bas'","Hommes","Degré secondaire II","2042",814499
"Scénario C-00-2025 'bas'","Hommes","Degré secondaire II","2043",806917
"Scénario C-00-2025 'bas'","Hommes","Degré secondaire II","2044",798356
"Scénario C-00-2025 'bas'","Hommes","Degré secondaire II","2045",789515
"Scénario C-00-2025 'bas'","Hommes","Degré secondaire II","2046",781465
"Scénario C-00-2025 'bas'","Hommes","Degré secondaire II","2047",771733
"Scénario C-00-2025 'bas'","Hommes","Degré secondaire II","2048",761601
"Scénario C-00-2025 'bas'","Hommes","Degré secondaire II","2049",751603
"Scénario C-00-2025 'bas'","Hommes","Degré secondaire II","2050",742182
"Scénario C-00-2025 'bas'","Hommes","Degré secondaire II","2051",733036
"Scénario C-00-2025 'bas'","Hommes","Degré secondaire II","2052",724415
"Scénario C-00-2025 'bas'","Hommes","Degré secondaire II","2053",715832
"Scénario C-00-2025 'bas'","Hommes","Degré secondaire II","2054",707618
"Scénario C-00-2025 'bas'","Hommes","Degré secondaire II","2055",699458
"Scénario C-00-2025 'bas'","Hommes","Degré tertiaire (formation professionnelle supérieure)","2024",432177
"Scénario C-00-2025 'bas'","Hommes","Degré tertiaire (formation professionnelle supérieure)","2025",436653
"Scénario C-00-2025 'bas'","Hommes","Degré tertiaire (formation professionnelle supérieure)","2026",440268
"Scénario C-00-2025 'bas'","Hommes","Degré tertiaire (formation professionnelle supérieure)","2027",443108
"Scénario C-00-2025 'bas'","Hommes","Degré tertiaire (formation professionnelle supérieure)","2028",445813
"Scénario C-00-2025 'bas'","Hommes","Degré tertiaire (formation professionnelle supérieure)","2029",448588
"Scénario C-00-2025 'bas'","Hommes","Degré tertiaire (formation professionnelle supérieure)","2030",452290
"Scénario C-00-2025 'bas'","Hommes","Degré tertiaire (formation professionnelle supérieure)","2031",455476
"Scénario C-00-2025 'bas'","Hommes","Degré tertiaire (formation professionnelle supérieure)","2032",458490
"Scénario C-00-2025 'bas'","Hommes","Degré tertiaire (formation professionnelle supérieure)","2033",461628
"Scénario C-00-2025 'bas'","Hommes","Degré tertiaire (formation professionnelle supérieure)","2034",463935
"Scénario C-00-2025 'bas'","Hommes","Degré tertiaire (formation professionnelle supérieure)","2035",466450
"Scénario C-00-2025 'bas'","Hommes","Degré tertiaire (formation professionnelle supérieure)","2036",469027
"Scénario C-00-2025 'bas'","Hommes","Degré tertiaire (formation professionnelle supérieure)","2037",471958
"Scénario C-00-2025 'bas'","Hommes","Degré tertiaire (formation professionnelle supérieure)","2038",475198
"Scénario C-00-2025 'bas'","Hommes","Degré tertiaire (formation professionnelle supérieure)","2039",478678
"Scénario C-00-2025 'bas'","Hommes","Degré tertiaire (formation professionnelle supérieure)","2040",482512
"Scénario C-00-2025 'bas'","Hommes","Degré tertiaire (formation professionnelle supérieure)","2041",486443
"Scénario C-00-2025 'bas'","Hommes","Degré tertiaire (formation professionnelle supérieure)","2042",490211
"Scénario C-00-2025 'bas'","Hommes","Degré tertiaire (formation professionnelle supérieure)","2043",493934
"Scénario C-00-2025 'bas'","Hommes","Degré tertiaire (formation professionnelle supérieure)","2044",497332
"Scénario C-00-2025 'bas'","Hommes","Degré tertiaire (formation professionnelle supérieure)","2045",500231
"Scénario C-00-2025 'bas'","Hommes","Degré tertiaire (formation professionnelle supérieure)","2046",503078
"Scénario C-00-2025 'bas'","Hommes","Degré tertiaire (formation professionnelle supérieure)","2047",505487
"Scénario C-00-2025 'bas'","Hommes","Degré tertiaire (formation professionnelle supérieure)","2048",507640
"Scénario C-00-2025 'bas'","Hommes","Degré tertiaire (formation professionnelle supérieure)","2049",509303
"Scénario C-00-2025 'bas'","Hommes","Degré tertiaire (formation professionnelle supérieure)","2050",510666
"Scénario C-00-2025 'bas'","Hommes","Degré tertiaire (formation professionnelle supérieure)","2051",511489
"Scénario C-00-2025 'bas'","Hommes","Degré tertiaire (formation professionnelle supérieure)","2052",511865
"Scénario C-00-2025 'bas'","Hommes","Degré tertiaire (formation professionnelle supérieure)","2053",511425
"Scénario C-00-2025 'bas'","Hommes","Degré tertiaire (formation professionnelle supérieure)","2054",510621
"Scénario C-00-2025 'bas'","Hommes","Degré tertiaire (formation professionnelle supérieure)","2055",509268
"Scénario C-00-2025 'bas'","Hommes","Degré tertiaire (hautes écoles)","2024",802072
"Scénario C-00-2025 'bas'","Hommes","Degré tertiaire (hautes écoles)","2025",820437
"Scénario C-00-2025 'bas'","Hommes","Degré tertiaire (hautes écoles)","2026",835210
"Scénario C-00-2025 'bas'","Hommes","Degré tertiaire (hautes écoles)","2027",847491
"Scénario C-00-2025 'bas'","Hommes","Degré tertiaire (hautes écoles)","2028",859348
"Scénario C-00-2025 'bas'","Hommes","Degré tertiaire (hautes écoles)","2029",870761
"Scénario C-00-2025 'bas'","Hommes","Degré tertiaire (hautes écoles)","2030",882132
"Scénario C-00-2025 'bas'","Hommes","Degré tertiaire (hautes écoles)","2031",893735
"Scénario C-00-2025 'bas'","Hommes","Degré tertiaire (hautes écoles)","2032",904888
"Scénario C-00-2025 'bas'","Hommes","Degré tertiaire (hautes écoles)","2033",915799
"Scénario C-00-2025 'bas'","Hommes","Degré tertiaire (hautes écoles)","2034",924688
"Scénario C-00-2025 'bas'","Hommes","Degré tertiaire (hautes écoles)","2035",932890
"Scénario C-00-2025 'bas'","Hommes","Degré tertiaire (hautes écoles)","2036",940665
"Scénario C-00-2025 'bas'","Hommes","Degré tertiaire (hautes écoles)","2037",948358
"Scénario C-00-2025 'bas'","Hommes","Degré tertiaire (hautes écoles)","2038",955931
"Scénario C-00-2025 'bas'","Hommes","Degré tertiaire (hautes écoles)","2039",963082
"Scénario C-00-2025 'bas'","Hommes","Degré tertiaire (hautes écoles)","2040",970144
"Scénario C-00-2025 'bas'","Hommes","Degré tertiaire (hautes écoles)","2041",976682
"Scénario C-00-2025 'bas'","Hommes","Degré tertiaire (hautes écoles)","2042",982344
"Scénario C-00-2025 'bas'","Hommes","Degré tertiaire (hautes écoles)","2043",987373
"Scénario C-00-2025 'bas'","Hommes","Degré tertiaire (hautes écoles)","2044",991278
"Scénario C-00-2025 'bas'","Hommes","Degré tertiaire (hautes écoles)","2045",993824
"Scénario C-00-2025 'bas'","Hommes","Degré tertiaire (hautes écoles)","2046",995808
"Scénario C-00-2025 'bas'","Hommes","Degré tertiaire (hautes écoles)","2047",996538
"Scénario C-00-2025 'bas'","Hommes","Degré tertiaire (hautes écoles)","2048",996421
"Scénario C-00-2025 'bas'","Hommes","Degré tertiaire (hautes écoles)","2049",995089
"Scénario C-00-2025 'bas'","Hommes","Degré tertiaire (hautes écoles)","2050",992888
"Scénario C-00-2025 'bas'","Hommes","Degré tertiaire (hautes écoles)","2051",989756
"Scénario C-00-2025 'bas'","Hommes","Degré tertiaire (hautes écoles)","2052",985958
"Scénario C-00-2025 'bas'","Hommes","Degré tertiaire (hautes écoles)","2053",981035
"Scénario C-00-2025 'bas'","Hommes","Degré tertiaire (hautes écoles)","2054",975701
"Scénario C-00-2025 'bas'","Hommes","Degré tertiaire (hautes écoles)","2055",969529
"Scénario C-00-2025 'bas'","Femmes","Sans formation post-obligatoire","2024",359261
"Scénario C-00-2025 'bas'","Femmes","Sans formation post-obligatoire","2025",349054
"Scénario C-00-2025 'bas'","Femmes","Sans formation post-obligatoire","2026",338944
"Scénario C-00-2025 'bas'","Femmes","Sans formation post-obligatoire","2027",329015
"Scénario C-00-2025 'bas'","Femmes","Sans formation post-obligatoire","2028",318536
"Scénario C-00-2025 'bas'","Femmes","Sans formation post-obligatoire","2029",307980
"Scénario C-00-2025 'bas'","Femmes","Sans formation post-obligatoire","2030",298324
"Scénario C-00-2025 'bas'","Femmes","Sans formation post-obligatoire","2031",289507
"Scénario C-00-2025 'bas'","Femmes","Sans formation post-obligatoire","2032",281496
"Scénario C-00-2025 'bas'","Femmes","Sans formation post-obligatoire","2033",273986
"Scénario C-00-2025 'bas'","Femmes","Sans formation post-obligatoire","2034",267114
"Scénario C-00-2025 'bas'","Femmes","Sans formation post-obligatoire","2035",260949
"Scénario C-00-2025 'bas'","Femmes","Sans formation post-obligatoire","2036",255365
"Scénario C-00-2025 'bas'","Femmes","Sans formation post-obligatoire","2037",250603
"Scénario C-00-2025 'bas'","Femmes","Sans formation post-obligatoire","2038",246814
"Scénario C-00-2025 'bas'","Femmes","Sans formation post-obligatoire","2039",244050
"Scénario C-00-2025 'bas'","Femmes","Sans formation post-obligatoire","2040",242233
"Scénario C-00-2025 'bas'","Femmes","Sans formation post-obligatoire","2041",241452
"Scénario C-00-2025 'bas'","Femmes","Sans formation post-obligatoire","2042",241545
"Scénario C-00-2025 'bas'","Femmes","Sans formation post-obligatoire","2043",242654
"Scénario C-00-2025 'bas'","Femmes","Sans formation post-obligatoire","2044",244507
"Scénario C-00-2025 'bas'","Femmes","Sans formation post-obligatoire","2045",246803
"Scénario C-00-2025 'bas'","Femmes","Sans formation post-obligatoire","2046",249891
"Scénario C-00-2025 'bas'","Femmes","Sans formation post-obligatoire","2047",252715
"Scénario C-00-2025 'bas'","Femmes","Sans formation post-obligatoire","2048",255813
"Scénario C-00-2025 'bas'","Femmes","Sans formation post-obligatoire","2049",259210
"Scénario C-00-2025 'bas'","Femmes","Sans formation post-obligatoire","2050",262936
"Scénario C-00-2025 'bas'","Femmes","Sans formation post-obligatoire","2051",266947
"Scénario C-00-2025 'bas'","Femmes","Sans formation post-obligatoire","2052",271315
"Scénario C-00-2025 'bas'","Femmes","Sans formation post-obligatoire","2053",275861
"Scénario C-00-2025 'bas'","Femmes","Sans formation post-obligatoire","2054",280732
"Scénario C-00-2025 'bas'","Femmes","Sans formation post-obligatoire","2055",285890
"Scénario C-00-2025 'bas'","Femmes","Degré secondaire II","2024",1009491
"Scénario C-00-2025 'bas'","Femmes","Degré secondaire II","2025",991989
"Scénario C-00-2025 'bas'","Femmes","Degré secondaire II","2026",974772
"Scénario C-00-2025 'bas'","Femmes","Degré secondaire II","2027",959476
"Scénario C-00-2025 'bas'","Femmes","Degré secondaire II","2028",942208
"Scénario C-00-2025 'bas'","Femmes","Degré secondaire II","2029",924278
"Scénario C-00-2025 'bas'","Femmes","Degré secondaire II","2030",906537
"Scénario C-00-2025 'bas'","Femmes","Degré secondaire II","2031",888798
"Scénario C-00-2025 'bas'","Femmes","Degré secondaire II","2032",871840
"Scénario C-00-2025 'bas'","Femmes","Degré secondaire II","2033",855427
"Scénario C-00-2025 'bas'","Femmes","Degré secondaire II","2034",841378
"Scénario C-00-2025 'bas'","Femmes","Degré secondaire II","2035",829161
"Scénario C-00-2025 'bas'","Femmes","Degré secondaire II","2036",817132
"Scénario C-00-2025 'bas'","Femmes","Degré secondaire II","2037",806539
"Scénario C-00-2025 'bas'","Femmes","Degré secondaire II","2038",796331
"Scénario C-00-2025 'bas'","Femmes","Degré secondaire II","2039",786740
"Scénario C-00-2025 'bas'","Femmes","Degré secondaire II","2040",777377
"Scénario C-00-2025 'bas'","Femmes","Degré secondaire II","2041",767910
"Scénario C-00-2025 'bas'","Femmes","Degré secondaire II","2042",757795
"Scénario C-00-2025 'bas'","Femmes","Degré secondaire II","2043",747497
"Scénario C-00-2025 'bas'","Femmes","Degré secondaire II","2044",736503
"Scénario C-00-2025 'bas'","Femmes","Degré secondaire II","2045",725244
"Scénario C-00-2025 'bas'","Femmes","Degré secondaire II","2046",715267
"Scénario C-00-2025 'bas'","Femmes","Degré secondaire II","2047",703756
"Scénario C-00-2025 'bas'","Femmes","Degré secondaire II","2048",692760
"Scénario C-00-2025 'bas'","Femmes","Degré secondaire II","2049",682000
"Scénario C-00-2025 'bas'","Femmes","Degré secondaire II","2050",671575
"Scénario C-00-2025 'bas'","Femmes","Degré secondaire II","2051",661509
"Scénario C-00-2025 'bas'","Femmes","Degré secondaire II","2052",651985
"Scénario C-00-2025 'bas'","Femmes","Degré secondaire II","2053",642402
"Scénario C-00-2025 'bas'","Femmes","Degré secondaire II","2054",633241
"Scénario C-00-2025 'bas'","Femmes","Degré secondaire II","2055",624210
"Scénario C-00-2025 'bas'","Femmes","Degré tertiaire (formation professionnelle supérieure)","2024",326399
"Scénario C-00-2025 'bas'","Femmes","Degré tertiaire (formation professionnelle supérieure)","2025",331508
"Scénario C-00-2025 'bas'","Femmes","Degré tertiaire (formation professionnelle supérieure)","2026",335521
"Scénario C-00-2025 'bas'","Femmes","Degré tertiaire (formation professionnelle supérieure)","2027",339170
"Scénario C-00-2025 'bas'","Femmes","Degré tertiaire (formation professionnelle supérieure)","2028",343103
"Scénario C-00-2025 'bas'","Femmes","Degré tertiaire (formation professionnelle supérieure)","2029",347510
"Scénario C-00-2025 'bas'","Femmes","Degré tertiaire (formation professionnelle supérieure)","2030",351851
"Scénario C-00-2025 'bas'","Femmes","Degré tertiaire (formation professionnelle supérieure)","2031",355735
"Scénario C-00-2025 'bas'","Femmes","Degré tertiaire (formation professionnelle supérieure)","2032",359432
"Scénario C-00-2025 'bas'","Femmes","Degré tertiaire (formation professionnelle supérieure)","2033",362935
"Scénario C-00-2025 'bas'","Femmes","Degré tertiaire (formation professionnelle supérieure)","2034",365812
"Scénario C-00-2025 'bas'","Femmes","Degré tertiaire (formation professionnelle supérieure)","2035",368750
"Scénario C-00-2025 'bas'","Femmes","Degré tertiaire (formation professionnelle supérieure)","2036",371527
"Scénario C-00-2025 'bas'","Femmes","Degré tertiaire (formation professionnelle supérieure)","2037",374453
"Scénario C-00-2025 'bas'","Femmes","Degré tertiaire (formation professionnelle supérieure)","2038",377401
"Scénario C-00-2025 'bas'","Femmes","Degré tertiaire (formation professionnelle supérieure)","2039",380379
"Scénario C-00-2025 'bas'","Femmes","Degré tertiaire (formation professionnelle supérieure)","2040",383381
"Scénario C-00-2025 'bas'","Femmes","Degré tertiaire (formation professionnelle supérieure)","2041",386285
"Scénario C-00-2025 'bas'","Femmes","Degré tertiaire (formation professionnelle supérieure)","2042",389011
"Scénario C-00-2025 'bas'","Femmes","Degré tertiaire (formation professionnelle supérieure)","2043",391542
"Scénario C-00-2025 'bas'","Femmes","Degré tertiaire (formation professionnelle supérieure)","2044",393656
"Scénario C-00-2025 'bas'","Femmes","Degré tertiaire (formation professionnelle supérieure)","2045",395348
"Scénario C-00-2025 'bas'","Femmes","Degré tertiaire (formation professionnelle supérieure)","2046",397095
"Scénario C-00-2025 'bas'","Femmes","Degré tertiaire (formation professionnelle supérieure)","2047",398279
"Scénario C-00-2025 'bas'","Femmes","Degré tertiaire (formation professionnelle supérieure)","2048",399356
"Scénario C-00-2025 'bas'","Femmes","Degré tertiaire (formation professionnelle supérieure)","2049",400126
"Scénario C-00-2025 'bas'","Femmes","Degré tertiaire (formation professionnelle supérieure)","2050",400674
"Scénario C-00-2025 'bas'","Femmes","Degré tertiaire (formation professionnelle supérieure)","2051",400919
"Scénario C-00-2025 'bas'","Femmes","Degré tertiaire (formation professionnelle supérieure)","2052",401088
"Scénario C-00-2025 'bas'","Femmes","Degré tertiaire (formation professionnelle supérieure)","2053",400741
"Scénario C-00-2025 'bas'","Femmes","Degré tertiaire (formation professionnelle supérieure)","2054",400245
"Scénario C-00-2025 'bas'","Femmes","Degré tertiaire (formation professionnelle supérieure)","2055",399446
"Scénario C-00-2025 'bas'","Femmes","Degré tertiaire (hautes écoles)","2024",777243
"Scénario C-00-2025 'bas'","Femmes","Degré tertiaire (hautes écoles)","2025",802351
"Scénario C-00-2025 'bas'","Femmes","Degré tertiaire (hautes écoles)","2026",824230
"Scénario C-00-2025 'bas'","Femmes","Degré tertiaire (hautes écoles)","2027",842495
"Scénario C-00-2025 'bas'","Femmes","Degré tertiaire (hautes écoles)","2028",860571
"Scénario C-00-2025 'bas'","Femmes","Degré tertiaire (hautes écoles)","2029",878250
"Scénario C-00-2025 'bas'","Femmes","Degré tertiaire (hautes écoles)","2030",895831
"Scénario C-00-2025 'bas'","Femmes","Degré tertiaire (hautes écoles)","2031",913151
"Scénario C-00-2025 'bas'","Femmes","Degré tertiaire (hautes écoles)","2032",930108
"Scénario C-00-2025 'bas'","Femmes","Degré tertiaire (hautes écoles)","2033",946595
"Scénario C-00-2025 'bas'","Femmes","Degré tertiaire (hautes écoles)","2034",961486
"Scénario C-00-2025 'bas'","Femmes","Degré tertiaire (hautes écoles)","2035",975549
"Scénario C-00-2025 'bas'","Femmes","Degré tertiaire (hautes écoles)","2036",988727
"Scénario C-00-2025 'bas'","Femmes","Degré tertiaire (hautes écoles)","2037",1001583
"Scénario C-00-2025 'bas'","Femmes","Degré tertiaire (hautes écoles)","2038",1013932
"Scénario C-00-2025 'bas'","Femmes","Degré tertiaire (hautes écoles)","2039",1025794
"Scénario C-00-2025 'bas'","Femmes","Degré tertiaire (hautes écoles)","2040",1037140
"Scénario C-00-2025 'bas'","Femmes","Degré tertiaire (hautes écoles)","2041",1047720
"Scénario C-00-2025 'bas'","Femmes","Degré tertiaire (hautes écoles)","2042",1057350
"Scénario C-00-2025 'bas'","Femmes","Degré tertiaire (hautes écoles)","2043",1066067
"Scénario C-00-2025 'bas'","Femmes","Degré tertiaire (hautes écoles)","2044",1073424
"Scénario C-00-2025 'bas'","Femmes","Degré tertiaire (hautes écoles)","2045",1079159
"Scénario C-00-2025 'bas'","Femmes","Degré tertiaire (hautes écoles)","2046",1084344
"Scénario C-00-2025 'bas'","Femmes","Degré tertiaire (hautes écoles)","2047",1087637
"Scénario C-00-2025 'bas'","Femmes","Degré tertiaire (hautes écoles)","2048",1089918
"Scénario C-00-2025 'bas'","Femmes","Degré tertiaire (hautes écoles)","2049",1090770
"Scénario C-00-2025 'bas'","Femmes","Degré tertiaire (hautes écoles)","2050",1090450
"Scénario C-00-2025 'bas'","Femmes","Degré tertiaire (hautes écoles)","2051",1089032
"Scénario C-00-2025 'bas'","Femmes","Degré tertiaire (hautes écoles)","2052",1086934
"Scénario C-00-2025 'bas'","Femmes","Degré tertiaire (hautes écoles)","2053",1083424
"Scénario C-00-2025 'bas'","Femmes","Degré tertiaire (hautes écoles)","2054",1079272
"Scénario C-00-2025 'bas'","Femmes","Degré tertiaire (hautes écoles)","2055",1074146
"Scénario A-00-2025 'référence'","Hommes","Sans formation post-obligatoire","2024",324416
"Scénario A-00-2025 'référence'","Hommes","Sans formation post-obligatoire","2025",319630
"Scénario A-00-2025 'référence'","Hommes","Sans formation post-obligatoire","2026",314194
"Scénario A-00-2025 'référence'","Hommes","Sans formation post-obligatoire","2027",308417
"Scénario A-00-2025 'référence'","Hommes","Sans formation post-obligatoire","2028",302312
"Scénario A-00-2025 'référence'","Hommes","Sans formation post-obligatoire","2029",296009
"Scénario A-00-2025 'référence'","Hommes","Sans formation post-obligatoire","2030",290310
"Scénario A-00-2025 'référence'","Hommes","Sans formation post-obligatoire","2031",285633
"Scénario A-00-2025 'référence'","Hommes","Sans formation post-obligatoire","2032",281347
"Scénario A-00-2025 'référence'","Hommes","Sans formation post-obligatoire","2033",277254
"Scénario A-00-2025 'référence'","Hommes","Sans formation post-obligatoire","2034",273447
"Scénario A-00-2025 'référence'","Hommes","Sans formation post-obligatoire","2035",270010
"Scénario A-00-2025 'référence'","Hommes","Sans formation post-obligatoire","2036",266971
"Scénario A-00-2025 'référence'","Hommes","Sans formation post-obligatoire","2037",264487
"Scénario A-00-2025 'référence'","Hommes","Sans formation post-obligatoire","2038",262729
"Scénario A-00-2025 'référence'","Hommes","Sans formation post-obligatoire","2039",261500
"Scénario A-00-2025 'référence'","Hommes","Sans formation post-obligatoire","2040",261010
"Scénario A-00-2025 'référence'","Hommes","Sans formation post-obligatoire","2041",261160
"Scénario A-00-2025 'référence'","Hommes","Sans formation post-obligatoire","2042",261829
"Scénario A-00-2025 'référence'","Hommes","Sans formation post-obligatoire","2043",263024
"Scénario A-00-2025 'référence'","Hommes","Sans formation post-obligatoire","2044",264415
"Scénario A-00-2025 'référence'","Hommes","Sans formation post-obligatoire","2045",265866
"Scénario A-00-2025 'référence'","Hommes","Sans formation post-obligatoire","2046",267815
"Scénario A-00-2025 'référence'","Hommes","Sans formation post-obligatoire","2047",269506
"Scénario A-00-2025 'référence'","Hommes","Sans formation post-obligatoire","2048",271356
"Scénario A-00-2025 'référence'","Hommes","Sans formation post-obligatoire","2049",273872
"Scénario A-00-2025 'référence'","Hommes","Sans formation post-obligatoire","2050",276631
"Scénario A-00-2025 'référence'","Hommes","Sans formation post-obligatoire","2051",279661
"Scénario A-00-2025 'référence'","Hommes","Sans formation post-obligatoire","2052",282933
"Scénario A-00-2025 'référence'","Hommes","Sans formation post-obligatoire","2053",286363
"Scénario A-00-2025 'référence'","Hommes","Sans formation post-obligatoire","2054",290171
"Scénario A-00-2025 'référence'","Hommes","Sans formation post-obligatoire","2055",294202
"Scénario A-00-2025 'référence'","Hommes","Degré secondaire II","2024",957069
"Scénario A-00-2025 'référence'","Hommes","Degré secondaire II","2025",948716
"Scénario A-00-2025 'référence'","Hommes","Degré secondaire II","2026",940935
"Scénario A-00-2025 'référence'","Hommes","Degré secondaire II","2027",934532
"Scénario A-00-2025 'référence'","Hommes","Degré secondaire II","2028",926362
"Scénario A-00-2025 'référence'","Hommes","Degré secondaire II","2029",917954
"Scénario A-00-2025 'référence'","Hommes","Degré secondaire II","2030",909264
"Scénario A-00-2025 'référence'","Hommes","Degré secondaire II","2031",900437
"Scénario A-00-2025 'référence'","Hommes","Degré secondaire II","2032",891858
"Scénario A-00-2025 'référence'","Hommes","Degré secondaire II","2033",883865
"Scénario A-00-2025 'référence'","Hommes","Degré secondaire II","2034",877009
"Scénario A-00-2025 'référence'","Hommes","Degré secondaire II","2035",870464
"Scénario A-00-2025 'référence'","Hommes","Degré secondaire II","2036",863781
"Scénario A-00-2025 'référence'","Hommes","Degré secondaire II","2037",857478
"Scénario A-00-2025 'référence'","Hommes","Degré secondaire II","2038",850803
"Scénario A-00-2025 'référence'","Hommes","Degré secondaire II","2039",844054
"Scénario A-00-2025 'référence'","Hommes","Degré secondaire II","2040",837136
"Scénario A-00-2025 'référence'","Hommes","Degré secondaire II","2041",829449
"Scénario A-00-2025 'référence'","Hommes","Degré secondaire II","2042",820656
"Scénario A-00-2025 'référence'","Hommes","Degré secondaire II","2043",811603
"Scénario A-00-2025 'référence'","Hommes","Degré secondaire II","2044",801808
"Scénario A-00-2025 'référence'","Hommes","Degré secondaire II","2045",791859
"Scénario A-00-2025 'référence'","Hommes","Degré secondaire II","2046",782602
"Scénario A-00-2025 'référence'","Hommes","Degré secondaire II","2047",771491
"Scénario A-00-2025 'référence'","Hommes","Degré secondaire II","2048",759824
"Scénario A-00-2025 'référence'","Hommes","Degré secondaire II","2049",749421
"Scénario A-00-2025 'référence'","Hommes","Degré secondaire II","2050",739323
"Scénario A-00-2025 'référence'","Hommes","Degré secondaire II","2051",729043
"Scénario A-00-2025 'référence'","Hommes","Degré secondaire II","2052",718857
"Scénario A-00-2025 'référence'","Hommes","Degré secondaire II","2053",708404
"Scénario A-00-2025 'référence'","Hommes","Degré secondaire II","2054",698016
"Scénario A-00-2025 'référence'","Hommes","Degré secondaire II","2055",687401
"Scénario A-00-2025 'référence'","Hommes","Degré tertiaire (formation professionnelle supérieure)","2024",432935
"Scénario A-00-2025 'référence'","Hommes","Degré tertiaire (formation professionnelle supérieure)","2025",438285
"Scénario A-00-2025 'référence'","Hommes","Degré tertiaire (formation professionnelle supérieure)","2026",442880
"Scénario A-00-2025 'référence'","Hommes","Degré tertiaire (formation professionnelle supérieure)","2027",446792
"Scénario A-00-2025 'référence'","Hommes","Degré tertiaire (formation professionnelle supérieure)","2028",450665
"Scénario A-00-2025 'référence'","Hommes","Degré tertiaire (formation professionnelle supérieure)","2029",454699
"Scénario A-00-2025 'référence'","Hommes","Degré tertiaire (formation professionnelle supérieure)","2030",459737
"Scénario A-00-2025 'référence'","Hommes","Degré tertiaire (formation professionnelle supérieure)","2031",464335
"Scénario A-00-2025 'référence'","Hommes","Degré tertiaire (formation professionnelle supérieure)","2032",468794
"Scénario A-00-2025 'référence'","Hommes","Degré tertiaire (formation professionnelle supérieure)","2033",473398
"Scénario A-00-2025 'référence'","Hommes","Degré tertiaire (formation professionnelle supérieure)","2034",477879
"Scénario A-00-2025 'référence'","Hommes","Degré tertiaire (formation professionnelle supérieure)","2035",482679
"Scénario A-00-2025 'référence'","Hommes","Degré tertiaire (formation professionnelle supérieure)","2036",487640
"Scénario A-00-2025 'référence'","Hommes","Degré tertiaire (formation professionnelle supérieure)","2037",493038
"Scénario A-00-2025 'référence'","Hommes","Degré tertiaire (formation professionnelle supérieure)","2038",498817
"Scénario A-00-2025 'référence'","Hommes","Degré tertiaire (formation professionnelle supérieure)","2039",504934
"Scénario A-00-2025 'référence'","Hommes","Degré tertiaire (formation professionnelle supérieure)","2040",511473
"Scénario A-00-2025 'référence'","Hommes","Degré tertiaire (formation professionnelle supérieure)","2041",518158
"Scénario A-00-2025 'référence'","Hommes","Degré tertiaire (formation professionnelle supérieure)","2042",524739
"Scénario A-00-2025 'référence'","Hommes","Degré tertiaire (formation professionnelle supérieure)","2043",531346
"Scénario A-00-2025 'référence'","Hommes","Degré tertiaire (formation professionnelle supérieure)","2044",537703
"Scénario A-00-2025 'référence'","Hommes","Degré tertiaire (formation professionnelle supérieure)","2045",543666
"Scénario A-00-2025 'référence'","Hommes","Degré tertiaire (formation professionnelle supérieure)","2046",549684
"Scénario A-00-2025 'référence'","Hommes","Degré tertiaire (formation professionnelle supérieure)","2047",555270
"Scénario A-00-2025 'référence'","Hommes","Degré tertiaire (formation professionnelle supérieure)","2048",560609
"Scénario A-00-2025 'référence'","Hommes","Degré tertiaire (formation professionnelle supérieure)","2049",565801
"Scénario A-00-2025 'référence'","Hommes","Degré tertiaire (formation professionnelle supérieure)","2050",570833
"Scénario A-00-2025 'référence'","Hommes","Degré tertiaire (formation professionnelle supérieure)","2051",575478
"Scénario A-00-2025 'référence'","Hommes","Degré tertiaire (formation professionnelle supérieure)","2052",579808
"Scénario A-00-2025 'référence'","Hommes","Degré tertiaire (formation professionnelle supérieure)","2053",583435
"Scénario A-00-2025 'référence'","Hommes","Degré tertiaire (formation professionnelle supérieure)","2054",586813
"Scénario A-00-2025 'référence'","Hommes","Degré tertiaire (formation professionnelle supérieure)","2055",589762
"Scénario A-00-2025 'référence'","Hommes","Degré tertiaire (hautes écoles)","2024",806304
"Scénario A-00-2025 'référence'","Hommes","Degré tertiaire (hautes écoles)","2025",829264
"Scénario A-00-2025 'référence'","Hommes","Degré tertiaire (hautes écoles)","2026",848956
"Scénario A-00-2025 'référence'","Hommes","Degré tertiaire (hautes écoles)","2027",866485
"Scénario A-00-2025 'référence'","Hommes","Degré tertiaire (hautes écoles)","2028",883866
"Scénario A-00-2025 'référence'","Hommes","Degré tertiaire (hautes écoles)","2029",901020
"Scénario A-00-2025 'référence'","Hommes","Degré tertiaire (hautes écoles)","2030",918321
"Scénario A-00-2025 'référence'","Hommes","Degré tertiaire (hautes écoles)","2031",936045
"Scénario A-00-2025 'référence'","Hommes","Degré tertiaire (hautes écoles)","2032",953494
"Scénario A-00-2025 'référence'","Hommes","Degré tertiaire (hautes écoles)","2033",970846
"Scénario A-00-2025 'référence'","Hommes","Degré tertiaire (hautes écoles)","2034",987017
"Scénario A-00-2025 'référence'","Hommes","Degré tertiaire (hautes écoles)","2035",1002785
"Scénario A-00-2025 'référence'","Hommes","Degré tertiaire (hautes écoles)","2036",1018219
"Scénario A-00-2025 'référence'","Hommes","Degré tertiaire (hautes écoles)","2037",1033565
"Scénario A-00-2025 'référence'","Hommes","Degré tertiaire (hautes écoles)","2038",1048743
"Scénario A-00-2025 'référence'","Hommes","Degré tertiaire (hautes écoles)","2039",1063459
"Scénario A-00-2025 'référence'","Hommes","Degré tertiaire (hautes écoles)","2040",1078017
"Scénario A-00-2025 'référence'","Hommes","Degré tertiaire (hautes écoles)","2041",1092184
"Scénario A-00-2025 'référence'","Hommes","Degré tertiaire (hautes écoles)","2042",1105598
"Scénario A-00-2025 'référence'","Hommes","Degré tertiaire (hautes écoles)","2043",1118531
"Scénario A-00-2025 'référence'","Hommes","Degré tertiaire (hautes écoles)","2044",1130496
"Scénario A-00-2025 'référence'","Hommes","Degré tertiaire (hautes écoles)","2045",1141321
"Scénario A-00-2025 'référence'","Hommes","Degré tertiaire (hautes écoles)","2046",1151899
"Scénario A-00-2025 'référence'","Hommes","Degré tertiaire (hautes écoles)","2047",1161369
"Scénario A-00-2025 'référence'","Hommes","Degré tertiaire (hautes écoles)","2048",1170071
"Scénario A-00-2025 'référence'","Hommes","Degré tertiaire (hautes écoles)","2049",1178118
"Scénario A-00-2025 'référence'","Hommes","Degré tertiaire (hautes écoles)","2050",1185601
"Scénario A-00-2025 'référence'","Hommes","Degré tertiaire (hautes écoles)","2051",1192470
"Scénario A-00-2025 'référence'","Hommes","Degré tertiaire (hautes écoles)","2052",1198941
"Scénario A-00-2025 'référence'","Hommes","Degré tertiaire (hautes écoles)","2053",1204431
"Scénario A-00-2025 'référence'","Hommes","Degré tertiaire (hautes écoles)","2054",1209593
"Scénario A-00-2025 'référence'","Hommes","Degré tertiaire (hautes écoles)","2055",1213984
"Scénario A-00-2025 'référence'","Femmes","Sans formation post-obligatoire","2024",359732
"Scénario A-00-2025 'référence'","Femmes","Sans formation post-obligatoire","2025",350021
"Scénario A-00-2025 'référence'","Femmes","Sans formation post-obligatoire","2026",340410
"Scénario A-00-2025 'référence'","Femmes","Sans formation post-obligatoire","2027",330971
"Scénario A-00-2025 'référence'","Femmes","Sans formation post-obligatoire","2028",320964
"Scénario A-00-2025 'référence'","Femmes","Sans formation post-obligatoire","2029",310854
"Scénario A-00-2025 'référence'","Femmes","Sans formation post-obligatoire","2030",301604
"Scénario A-00-2025 'référence'","Femmes","Sans formation post-obligatoire","2031",293157
"Scénario A-00-2025 'référence'","Femmes","Sans formation post-obligatoire","2032",285493
"Scénario A-00-2025 'référence'","Femmes","Sans formation post-obligatoire","2033",278314
"Scénario A-00-2025 'référence'","Femmes","Sans formation post-obligatoire","2034",271743
"Scénario A-00-2025 'référence'","Femmes","Sans formation post-obligatoire","2035",265853
"Scénario A-00-2025 'référence'","Femmes","Sans formation post-obligatoire","2036",260453
"Scénario A-00-2025 'référence'","Femmes","Sans formation post-obligatoire","2037",255779
"Scénario A-00-2025 'référence'","Femmes","Sans formation post-obligatoire","2038",251912
"Scénario A-00-2025 'référence'","Femmes","Sans formation post-obligatoire","2039",248854
"Scénario A-00-2025 'référence'","Femmes","Sans formation post-obligatoire","2040",246459
"Scénario A-00-2025 'référence'","Femmes","Sans formation post-obligatoire","2041",244811
"Scénario A-00-2025 'référence'","Femmes","Sans formation post-obligatoire","2042",243725
"Scénario A-00-2025 'référence'","Femmes","Sans formation post-obligatoire","2043",243212
"Scénario A-00-2025 'référence'","Femmes","Sans formation post-obligatoire","2044",242982
"Scénario A-00-2025 'référence'","Femmes","Sans formation post-obligatoire","2045",242807
"Scénario A-00-2025 'référence'","Femmes","Sans formation post-obligatoire","2046",243053
"Scénario A-00-2025 'référence'","Femmes","Sans formation post-obligatoire","2047",243117
"Scénario A-00-2025 'référence'","Femmes","Sans formation post-obligatoire","2048",243486
"Scénario A-00-2025 'référence'","Femmes","Sans formation post-obligatoire","2049",244535
"Scénario A-00-2025 'référence'","Femmes","Sans formation post-obligatoire","2050",245982
"Scénario A-00-2025 'référence'","Femmes","Sans formation post-obligatoire","2051",247755
"Scénario A-00-2025 'référence'","Femmes","Sans formation post-obligatoire","2052",249905
"Scénario A-00-2025 'référence'","Femmes","Sans formation post-obligatoire","2053",252247
"Scénario A-00-2025 'référence'","Femmes","Sans formation post-obligatoire","2054",254921
"Scénario A-00-2025 'référence'","Femmes","Sans formation post-obligatoire","2055",257889
"Scénario A-00-2025 'référence'","Femmes","Degré secondaire II","2024",1010826
"Scénario A-00-2025 'référence'","Femmes","Degré secondaire II","2025",994717
"Scénario A-00-2025 'référence'","Femmes","Degré secondaire II","2026",978916
"Scénario A-00-2025 'référence'","Femmes","Degré secondaire II","2027",964999
"Scénario A-00-2025 'référence'","Femmes","Degré secondaire II","2028",949046
"Scénario A-00-2025 'référence'","Femmes","Degré secondaire II","2029",932371
"Scénario A-00-2025 'référence'","Femmes","Degré secondaire II","2030",915814
"Scénario A-00-2025 'référence'","Femmes","Degré secondaire II","2031",899176
"Scénario A-00-2025 'référence'","Femmes","Degré secondaire II","2032",883221
"Scénario A-00-2025 'référence'","Femmes","Degré secondaire II","2033",867713
"Scénario A-00-2025 'référence'","Femmes","Degré secondaire II","2034",853441
"Scénario A-00-2025 'référence'","Femmes","Degré secondaire II","2035",840548
"Scénario A-00-2025 'référence'","Femmes","Degré secondaire II","2036",827419
"Scénario A-00-2025 'référence'","Femmes","Degré secondaire II","2037",815381
"Scénario A-00-2025 'référence'","Femmes","Degré secondaire II","2038",803468
"Scénario A-00-2025 'référence'","Femmes","Degré secondaire II","2039",791937
"Scénario A-00-2025 'référence'","Femmes","Degré secondaire II","2040",780524
"Scénario A-00-2025 'référence'","Femmes","Degré secondaire II","2041",769015
"Scénario A-00-2025 'référence'","Femmes","Degré secondaire II","2042",756994
"Scénario A-00-2025 'référence'","Femmes","Degré secondaire II","2043",744964
"Scénario A-00-2025 'référence'","Femmes","Degré secondaire II","2044",732383
"Scénario A-00-2025 'référence'","Femmes","Degré secondaire II","2045",719580
"Scénario A-00-2025 'référence'","Femmes","Degré secondaire II","2046",707908
"Scénario A-00-2025 'référence'","Femmes","Degré secondaire II","2047",694590
"Scénario A-00-2025 'référence'","Femmes","Degré secondaire II","2048",681668
"Scénario A-00-2025 'référence'","Femmes","Degré secondaire II","2049",669859
"Scénario A-00-2025 'référence'","Femmes","Degré secondaire II","2050",658130
"Scénario A-00-2025 'référence'","Femmes","Degré secondaire II","2051",646500
"Scénario A-00-2025 'référence'","Femmes","Degré secondaire II","2052",635111
"Scénario A-00-2025 'référence'","Femmes","Degré secondaire II","2053",623389
"Scénario A-00-2025 'référence'","Femmes","Degré secondaire II","2054",611856
"Scénario A-00-2025 'référence'","Femmes","Degré secondaire II","2055",600242
"Scénario A-00-2025 'référence'","Femmes","Degré tertiaire (formation professionnelle supérieure)","2024",326928
"Scénario A-00-2025 'référence'","Femmes","Degré tertiaire (formation professionnelle supérieure)","2025",332641
"Scénario A-00-2025 'référence'","Femmes","Degré tertiaire (formation professionnelle supérieure)","2026",337326
"Scénario A-00-2025 'référence'","Femmes","Degré tertiaire (formation professionnelle supérieure)","2027",341715
"Scénario A-00-2025 'référence'","Femmes","Degré tertiaire (formation professionnelle supérieure)","2028",346459
"Scénario A-00-2025 'référence'","Femmes","Degré tertiaire (formation professionnelle supérieure)","2029",351747
"Scénario A-00-2025 'référence'","Femmes","Degré tertiaire (formation professionnelle supérieure)","2030",357028
"Scénario A-00-2025 'référence'","Femmes","Degré tertiaire (formation professionnelle supérieure)","2031",361907
"Scénario A-00-2025 'référence'","Femmes","Degré tertiaire (formation professionnelle supérieure)","2032",366626
"Scénario A-00-2025 'référence'","Femmes","Degré tertiaire (formation professionnelle supérieure)","2033",371169
"Scénario A-00-2025 'référence'","Femmes","Degré tertiaire (formation professionnelle supérieure)","2034",375522
"Scénario A-00-2025 'référence'","Femmes","Degré tertiaire (formation professionnelle supérieure)","2035",380036
"Scénario A-00-2025 'référence'","Femmes","Degré tertiaire (formation professionnelle supérieure)","2036",384433
"Scénario A-00-2025 'référence'","Femmes","Degré tertiaire (formation professionnelle supérieure)","2037",389059
"Scénario A-00-2025 'référence'","Femmes","Degré tertiaire (formation professionnelle supérieure)","2038",393795
"Scénario A-00-2025 'référence'","Femmes","Degré tertiaire (formation professionnelle supérieure)","2039",398672
"Scénario A-00-2025 'référence'","Femmes","Degré tertiaire (formation professionnelle supérieure)","2040",403630
"Scénario A-00-2025 'référence'","Femmes","Degré tertiaire (formation professionnelle supérieure)","2041",408556
"Scénario A-00-2025 'référence'","Femmes","Degré tertiaire (formation professionnelle supérieure)","2042",413354
"Scénario A-00-2025 'référence'","Femmes","Degré tertiaire (formation professionnelle supérieure)","2043",418026
"Scénario A-00-2025 'référence'","Femmes","Degré tertiaire (formation professionnelle supérieure)","2044",422375
"Scénario A-00-2025 'référence'","Femmes","Degré tertiaire (formation professionnelle supérieure)","2045",426422
"Scénario A-00-2025 'référence'","Femmes","Degré tertiaire (formation professionnelle supérieure)","2046",430663
"Scénario A-00-2025 'référence'","Femmes","Degré tertiaire (formation professionnelle supérieure)","2047",434351
"Scénario A-00-2025 'référence'","Femmes","Degré tertiaire (formation professionnelle supérieure)","2048",437945
"Scénario A-00-2025 'référence'","Femmes","Degré tertiaire (formation professionnelle supérieure)","2049",441537
"Scénario A-00-2025 'référence'","Femmes","Degré tertiaire (formation professionnelle supérieure)","2050",445035
"Scénario A-00-2025 'référence'","Femmes","Degré tertiaire (formation professionnelle supérieure)","2051",448323
"Scénario A-00-2025 'référence'","Femmes","Degré tertiaire (formation professionnelle supérieure)","2052",451635
"Scénario A-00-2025 'référence'","Femmes","Degré tertiaire (formation professionnelle supérieure)","2053",454537
"Scénario A-00-2025 'référence'","Femmes","Degré tertiaire (formation professionnelle supérieure)","2054",457378
"Scénario A-00-2025 'référence'","Femmes","Degré tertiaire (formation professionnelle supérieure)","2055",460005
"Scénario A-00-2025 'référence'","Femmes","Degré tertiaire (hautes écoles)","2024",781005
"Scénario A-00-2025 'référence'","Femmes","Degré tertiaire (hautes écoles)","2025",810219
"Scénario A-00-2025 'référence'","Femmes","Degré tertiaire (hautes écoles)","2026",836509
"Scénario A-00-2025 'référence'","Femmes","Degré tertiaire (hautes écoles)","2027",859483
"Scénario A-00-2025 'référence'","Femmes","Degré tertiaire (hautes écoles)","2028",882528
"Scénario A-00-2025 'référence'","Femmes","Degré tertiaire (hautes écoles)","2029",905386
"Scénario A-00-2025 'référence'","Femmes","Degré tertiaire (hautes écoles)","2030",928354
"Scénario A-00-2025 'référence'","Femmes","Degré tertiaire (hautes écoles)","2031",951271
"Scénario A-00-2025 'référence'","Femmes","Degré tertiaire (hautes écoles)","2032",973997
"Scénario A-00-2025 'référence'","Femmes","Degré tertiaire (hautes écoles)","2033",996413
"Scénario A-00-2025 'référence'","Femmes","Degré tertiaire (hautes écoles)","2034",1018026
"Scénario A-00-2025 'référence'","Femmes","Degré tertiaire (hautes écoles)","2035",1039209
"Scénario A-00-2025 'référence'","Femmes","Degré tertiaire (hautes écoles)","2036",1059727
"Scénario A-00-2025 'référence'","Femmes","Degré tertiaire (hautes écoles)","2037",1080046
"Scénario A-00-2025 'référence'","Femmes","Degré tertiaire (hautes écoles)","2038",1099889
"Scénario A-00-2025 'référence'","Femmes","Degré tertiaire (hautes écoles)","2039",1119287
"Scénario A-00-2025 'référence'","Femmes","Degré tertiaire (hautes écoles)","2040",1138185
"Scénario A-00-2025 'référence'","Femmes","Degré tertiaire (hautes écoles)","2041",1156495
"Scénario A-00-2025 'référence'","Femmes","Degré tertiaire (hautes écoles)","2042",1174005
"Scénario A-00-2025 'référence'","Femmes","Degré tertiaire (hautes écoles)","2043",1190811
"Scénario A-00-2025 'référence'","Femmes","Degré tertiaire (hautes écoles)","2044",1206497
"Scénario A-00-2025 'référence'","Femmes","Degré tertiaire (hautes écoles)","2045",1220825
"Scénario A-00-2025 'référence'","Femmes","Degré tertiaire (hautes écoles)","2046",1234979
"Scénario A-00-2025 'référence'","Femmes","Degré tertiaire (hautes écoles)","2047",1247359
"Scénario A-00-2025 'référence'","Femmes","Degré tertiaire (hautes écoles)","2048",1258831
"Scénario A-00-2025 'référence'","Femmes","Degré tertiaire (hautes écoles)","2049",1269669
"Scénario A-00-2025 'référence'","Femmes","Degré tertiaire (hautes écoles)","2050",1279641
"Scénario A-00-2025 'référence'","Femmes","Degré tertiaire (hautes écoles)","2051",1288762
"Scénario A-00-2025 'référence'","Femmes","Degré tertiaire (hautes écoles)","2052",1297435
"Scénario A-00-2025 'référence'","Femmes","Degré tertiaire (hautes écoles)","2053",1304882
"Scénario A-00-2025 'référence'","Femmes","Degré tertiaire (hautes écoles)","2054",1311812
"Scénario A-00-2025 'référence'","Femmes","Degré tertiaire (hautes écoles)","2055",1317874
"Scénario B-00-2025 'haut'","Hommes","Sans formation post-obligatoire","2024",325085
"Scénario B-00-2025 'haut'","Hommes","Sans formation post-obligatoire","2025",321048
"Scénario B-00-2025 'haut'","Hommes","Sans formation post-obligatoire","2026",316416
"Scénario B-00-2025 'haut'","Hommes","Sans formation post-obligatoire","2027",311482
"Scénario B-00-2025 'haut'","Hommes","Sans formation post-obligatoire","2028",306245
"Scénario B-00-2025 'haut'","Hommes","Sans formation post-obligatoire","2029",300837
"Scénario B-00-2025 'haut'","Hommes","Sans formation post-obligatoire","2030",296037
"Scénario B-00-2025 'haut'","Hommes","Sans formation post-obligatoire","2031",292278
"Scénario B-00-2025 'haut'","Hommes","Sans formation post-obligatoire","2032",288931
"Scénario B-00-2025 'haut'","Hommes","Sans formation post-obligatoire","2033",285819
"Scénario B-00-2025 'haut'","Hommes","Sans formation post-obligatoire","2034",283012
"Scénario B-00-2025 'haut'","Hommes","Sans formation post-obligatoire","2035",280595
"Scénario B-00-2025 'haut'","Hommes","Sans formation post-obligatoire","2036",278530
"Scénario B-00-2025 'haut'","Hommes","Sans formation post-obligatoire","2037",276960
"Scénario B-00-2025 'haut'","Hommes","Sans formation post-obligatoire","2038",276036
"Scénario B-00-2025 'haut'","Hommes","Sans formation post-obligatoire","2039",275528
"Scénario B-00-2025 'haut'","Hommes","Sans formation post-obligatoire","2040",275598
"Scénario B-00-2025 'haut'","Hommes","Sans formation post-obligatoire","2041",276127
"Scénario B-00-2025 'haut'","Hommes","Sans formation post-obligatoire","2042",276895
"Scénario B-00-2025 'haut'","Hommes","Sans formation post-obligatoire","2043",277838
"Scénario B-00-2025 'haut'","Hommes","Sans formation post-obligatoire","2044",278658
"Scénario B-00-2025 'haut'","Hommes","Sans formation post-obligatoire","2045",279266
"Scénario B-00-2025 'haut'","Hommes","Sans formation post-obligatoire","2046",280164
"Scénario B-00-2025 'haut'","Hommes","Sans formation post-obligatoire","2047",280865
"Scénario B-00-2025 'haut'","Hommes","Sans formation post-obligatoire","2048",281792
"Scénario B-00-2025 'haut'","Hommes","Sans formation post-obligatoire","2049",283624
"Scénario B-00-2025 'haut'","Hommes","Sans formation post-obligatoire","2050",285795
"Scénario B-00-2025 'haut'","Hommes","Sans formation post-obligatoire","2051",288314
"Scénario B-00-2025 'haut'","Hommes","Sans formation post-obligatoire","2052",291146
"Scénario B-00-2025 'haut'","Hommes","Sans formation post-obligatoire","2053",294205
"Scénario B-00-2025 'haut'","Hommes","Sans formation post-obligatoire","2054",297709
"Scénario B-00-2025 'haut'","Hommes","Sans formation post-obligatoire","2055",301497
"Scénario B-00-2025 'haut'","Hommes","Degré secondaire II","2024",958922
"Scénario B-00-2025 'haut'","Hommes","Degré secondaire II","2025",952540
"Scénario B-00-2025 'haut'","Hommes","Degré secondaire II","2026",946822
"Scénario B-00-2025 'haut'","Hommes","Degré secondaire II","2027",942492
"Scénario B-00-2025 'haut'","Hommes","Degré secondaire II","2028",936402
"Scénario B-00-2025 'haut'","Hommes","Degré secondaire II","2029",930075
"Scénario B-00-2025 'haut'","Hommes","Degré secondaire II","2030",923425
"Scénario B-00-2025 'haut'","Hommes","Degré secondaire II","2031",916589
"Scénario B-00-2025 'haut'","Hommes","Degré secondaire II","2032",909964
"Scénario B-00-2025 'haut'","Hommes","Degré secondaire II","2033",903888
"Scénario B-00-2025 'haut'","Hommes","Degré secondaire II","2034",897736
"Scénario B-00-2025 'haut'","Hommes","Degré secondaire II","2035",891565
"Scénario B-00-2025 'haut'","Hommes","Degré secondaire II","2036",884813
"Scénario B-00-2025 'haut'","Hommes","Degré secondaire II","2037",878086
"Scénario B-00-2025 'haut'","Hommes","Degré secondaire II","2038",870705
"Scénario B-00-2025 'haut'","Hommes","Degré secondaire II","2039",862960
"Scénario B-00-2025 'haut'","Hommes","Degré secondaire II","2040",854871
"Scénario B-00-2025 'haut'","Hommes","Degré secondaire II","2041",846044
"Scénario B-00-2025 'haut'","Hommes","Degré secondaire II","2042",836282
"Scénario B-00-2025 'haut'","Hommes","Degré secondaire II","2043",826445
"Scénario B-00-2025 'haut'","Hommes","Degré secondaire II","2044",816027
"Scénario B-00-2025 'haut'","Hommes","Degré secondaire II","2045",805456
"Scénario B-00-2025 'haut'","Hommes","Degré secondaire II","2046",795377
"Scénario B-00-2025 'haut'","Hommes","Degré secondaire II","2047",783358
"Scénario B-00-2025 'haut'","Hommes","Degré secondaire II","2048",770729
"Scénario B-00-2025 'haut'","Hommes","Degré secondaire II","2049",760346
"Scénario B-00-2025 'haut'","Hommes","Degré secondaire II","2050",749983
"Scénario B-00-2025 'haut'","Hommes","Degré secondaire II","2051",738910
"Scénario B-00-2025 'haut'","Hommes","Degré secondaire II","2052",727436
"Scénario B-00-2025 'haut'","Hommes","Degré secondaire II","2053",715331
"Scénario B-00-2025 'haut'","Hommes","Degré secondaire II","2054",702943
"Scénario B-00-2025 'haut'","Hommes","Degré secondaire II","2055",690003
"Scénario B-00-2025 'haut'","Hommes","Degré tertiaire (formation professionnelle supérieure)","2024",433717
"Scénario B-00-2025 'haut'","Hommes","Degré tertiaire (formation professionnelle supérieure)","2025",439995
"Scénario B-00-2025 'haut'","Hommes","Degré tertiaire (formation professionnelle supérieure)","2026",445660
"Scénario B-00-2025 'haut'","Hommes","Degré tertiaire (formation professionnelle supérieure)","2027",450776
"Scénario B-00-2025 'haut'","Hommes","Degré tertiaire (formation professionnelle supérieure)","2028",455984
"Scénario B-00-2025 'haut'","Hommes","Degré tertiaire (formation professionnelle supérieure)","2029",461488
"Scénario B-00-2025 'haut'","Hommes","Degré tertiaire (formation professionnelle supérieure)","2030",468118
"Scénario B-00-2025 'haut'","Hommes","Degré tertiaire (formation professionnelle supérieure)","2031",474429
"Scénario B-00-2025 'haut'","Hommes","Degré tertiaire (formation professionnelle supérieure)","2032",480641
"Scénario B-00-2025 'haut'","Hommes","Degré tertiaire (formation professionnelle supérieure)","2033",487032
"Scénario B-00-2025 'haut'","Hommes","Degré tertiaire (formation professionnelle supérieure)","2034",493702
"Scénario B-00-2025 'haut'","Hommes","Degré tertiaire (formation professionnelle supérieure)","2035",500801
"Scénario B-00-2025 'haut'","Hommes","Degré tertiaire (formation professionnelle supérieure)","2036",508144
"Scénario B-00-2025 'haut'","Hommes","Degré tertiaire (formation professionnelle supérieure)","2037",516007
"Scénario B-00-2025 'haut'","Hommes","Degré tertiaire (formation professionnelle supérieure)","2038",524320
"Scénario B-00-2025 'haut'","Hommes","Degré tertiaire (formation professionnelle supérieure)","2039",533070
"Scénario B-00-2025 'haut'","Hommes","Degré tertiaire (formation professionnelle supérieure)","2040",542294
"Scénario B-00-2025 'haut'","Hommes","Degré tertiaire (formation professionnelle supérieure)","2041",551705
"Scénario B-00-2025 'haut'","Hommes","Degré tertiaire (formation professionnelle supérieure)","2042",561054
"Scénario B-00-2025 'haut'","Hommes","Degré tertiaire (formation professionnelle supérieure)","2043",570487
"Scénario B-00-2025 'haut'","Hommes","Degré tertiaire (formation professionnelle supérieure)","2044",579741
"Scénario B-00-2025 'haut'","Hommes","Degré tertiaire (formation professionnelle supérieure)","2045",588710
"Scénario B-00-2025 'haut'","Hommes","Degré tertiaire (formation professionnelle supérieure)","2046",597818
"Scénario B-00-2025 'haut'","Hommes","Degré tertiaire (formation professionnelle supérieure)","2047",606498
"Scénario B-00-2025 'haut'","Hommes","Degré tertiaire (formation professionnelle supérieure)","2048",614921
"Scénario B-00-2025 'haut'","Hommes","Degré tertiaire (formation professionnelle supérieure)","2049",623651
"Scénario B-00-2025 'haut'","Hommes","Degré tertiaire (formation professionnelle supérieure)","2050",632397
"Scénario B-00-2025 'haut'","Hommes","Degré tertiaire (formation professionnelle supérieure)","2051",640934
"Scénario B-00-2025 'haut'","Hommes","Degré tertiaire (formation professionnelle supérieure)","2052",649311
"Scénario B-00-2025 'haut'","Hommes","Degré tertiaire (formation professionnelle supérieure)","2053",657112
"Scénario B-00-2025 'haut'","Hommes","Degré tertiaire (formation professionnelle supérieure)","2054",664793
"Scénario B-00-2025 'haut'","Hommes","Degré tertiaire (formation professionnelle supérieure)","2055",672183
"Scénario B-00-2025 'haut'","Hommes","Degré tertiaire (hautes écoles)","2024",810379
"Scénario B-00-2025 'haut'","Hommes","Degré tertiaire (hautes écoles)","2025",837632
"Scénario B-00-2025 'haut'","Hommes","Degré tertiaire (hautes écoles)","2026",861788
"Scénario B-00-2025 'haut'","Hommes","Degré tertiaire (hautes écoles)","2027",883952
"Scénario B-00-2025 'haut'","Hommes","Degré tertiaire (hautes écoles)","2028",906082
"Scénario B-00-2025 'haut'","Hommes","Degré tertiaire (hautes écoles)","2029",928047
"Scénario B-00-2025 'haut'","Hommes","Degré tertiaire (hautes écoles)","2030",950201
"Scénario B-00-2025 'haut'","Hommes","Degré tertiaire (hautes écoles)","2031",972828
"Scénario B-00-2025 'haut'","Hommes","Degré tertiaire (hautes écoles)","2032",995245
"Scénario B-00-2025 'haut'","Hommes","Degré tertiaire (hautes écoles)","2033",1017588
"Scénario B-00-2025 'haut'","Hommes","Degré tertiaire (hautes écoles)","2034",1039604
"Scénario B-00-2025 'haut'","Hommes","Degré tertiaire (hautes écoles)","2035",1061428
"Scénario B-00-2025 'haut'","Hommes","Degré tertiaire (hautes écoles)","2036",1082909
"Scénario B-00-2025 'haut'","Hommes","Degré tertiaire (hautes écoles)","2037",1104199
"Scénario B-00-2025 'haut'","Hommes","Degré tertiaire (hautes écoles)","2038",1125140
"Scénario B-00-2025 'haut'","Hommes","Degré tertiaire (hautes écoles)","2039",1145472
"Scénario B-00-2025 'haut'","Hommes","Degré tertiaire (hautes écoles)","2040",1165447
"Scénario B-00-2025 'haut'","Hommes","Degré tertiaire (hautes écoles)","2041",1185078
"Scénario B-00-2025 'haut'","Hommes","Degré tertiaire (hautes écoles)","2042",1203979
"Scénario B-00-2025 'haut'","Hommes","Degré tertiaire (hautes écoles)","2043",1222470
"Scénario B-00-2025 'haut'","Hommes","Degré tertiaire (hautes écoles)","2044",1240096
"Scénario B-00-2025 'haut'","Hommes","Degré tertiaire (hautes écoles)","2045",1256742
"Scénario B-00-2025 'haut'","Hommes","Degré tertiaire (hautes écoles)","2046",1273383
"Scénario B-00-2025 'haut'","Hommes","Degré tertiaire (hautes écoles)","2047",1289024
"Scénario B-00-2025 'haut'","Hommes","Degré tertiaire (hautes écoles)","2048",1303910
"Scénario B-00-2025 'haut'","Hommes","Degré tertiaire (hautes écoles)","2049",1318808
"Scénario B-00-2025 'haut'","Hommes","Degré tertiaire (hautes écoles)","2050",1333496
"Scénario B-00-2025 'haut'","Hommes","Degré tertiaire (hautes écoles)","2051",1347923
"Scénario B-00-2025 'haut'","Hommes","Degré tertiaire (hautes écoles)","2052",1362264
"Scénario B-00-2025 'haut'","Hommes","Degré tertiaire (hautes écoles)","2053",1375795
"Scénario B-00-2025 'haut'","Hommes","Degré tertiaire (hautes écoles)","2054",1389108
"Scénario B-00-2025 'haut'","Hommes","Degré tertiaire (hautes écoles)","2055",1401770
"Scénario B-00-2025 'haut'","Femmes","Sans formation post-obligatoire","2024",360247
"Scénario B-00-2025 'haut'","Femmes","Sans formation post-obligatoire","2025",351119
"Scénario B-00-2025 'haut'","Femmes","Sans formation post-obligatoire","2026",342140
"Scénario B-00-2025 'haut'","Femmes","Sans formation post-obligatoire","2027",333362
"Scénario B-00-2025 'haut'","Femmes","Sans formation post-obligatoire","2028",324038
"Scénario B-00-2025 'haut'","Femmes","Sans formation post-obligatoire","2029",314632
"Scénario B-00-2025 'haut'","Femmes","Sans formation post-obligatoire","2030",306088
"Scénario B-00-2025 'haut'","Femmes","Sans formation post-obligatoire","2031",298355
"Scénario B-00-2025 'haut'","Femmes","Sans formation post-obligatoire","2032",291420
"Scénario B-00-2025 'haut'","Femmes","Sans formation post-obligatoire","2033",284987
"Scénario B-00-2025 'haut'","Femmes","Sans formation post-obligatoire","2034",279177
"Scénario B-00-2025 'haut'","Femmes","Sans formation post-obligatoire","2035",274066
"Scénario B-00-2025 'haut'","Femmes","Sans formation post-obligatoire","2036",269418
"Scénario B-00-2025 'haut'","Femmes","Sans formation post-obligatoire","2037",265455
"Scénario B-00-2025 'haut'","Femmes","Sans formation post-obligatoire","2038",262246
"Scénario B-00-2025 'haut'","Femmes","Sans formation post-obligatoire","2039",259735
"Scénario B-00-2025 'haut'","Femmes","Sans formation post-obligatoire","2040",257729
"Scénario B-00-2025 'haut'","Femmes","Sans formation post-obligatoire","2041",256299
"Scénario B-00-2025 'haut'","Femmes","Sans formation post-obligatoire","2042",255221
"Scénario B-00-2025 'haut'","Femmes","Sans formation post-obligatoire","2043",254423
"Scénario B-00-2025 'haut'","Femmes","Sans formation post-obligatoire","2044",253624
"Scénario B-00-2025 'haut'","Femmes","Sans formation post-obligatoire","2045",252662
"Scénario B-00-2025 'haut'","Femmes","Sans formation post-obligatoire","2046",251920
"Scénario B-00-2025 'haut'","Femmes","Sans formation post-obligatoire","2047",251068
"Scénario B-00-2025 'haut'","Femmes","Sans formation post-obligatoire","2048",250569
"Scénario B-00-2025 'haut'","Femmes","Sans formation post-obligatoire","2049",250955
"Scénario B-00-2025 'haut'","Femmes","Sans formation post-obligatoire","2050",251829
"Scénario B-00-2025 'haut'","Femmes","Sans formation post-obligatoire","2051",253090
"Scénario B-00-2025 'haut'","Femmes","Sans formation post-obligatoire","2052",254783
"Scénario B-00-2025 'haut'","Femmes","Sans formation post-obligatoire","2053",256718
"Scénario B-00-2025 'haut'","Femmes","Sans formation post-obligatoire","2054",259030
"Scénario B-00-2025 'haut'","Femmes","Sans formation post-obligatoire","2055",261683
"Scénario B-00-2025 'haut'","Femmes","Degré secondaire II","2024",1012203
"Scénario B-00-2025 'haut'","Femmes","Degré secondaire II","2025",997567
"Scénario B-00-2025 'haut'","Femmes","Degré secondaire II","2026",983300
"Scénario B-00-2025 'haut'","Femmes","Degré secondaire II","2027",970910
"Scénario B-00-2025 'haut'","Femmes","Degré secondaire II","2028",956451
"Scénario B-00-2025 'haut'","Femmes","Degré secondaire II","2029",941256
"Scénario B-00-2025 'haut'","Femmes","Degré secondaire II","2030",926129
"Scénario B-00-2025 'haut'","Femmes","Degré secondaire II","2031",910865
"Scénario B-00-2025 'haut'","Femmes","Degré secondaire II","2032",896235
"Scénario B-00-2025 'haut'","Femmes","Degré secondaire II","2033",881990
"Scénario B-00-2025 'haut'","Femmes","Degré secondaire II","2034",867987
"Scénario B-00-2025 'haut'","Femmes","Degré secondaire II","2035",854931
"Scénario B-00-2025 'haut'","Femmes","Degré secondaire II","2036",841247
"Scénario B-00-2025 'haut'","Femmes","Degré secondaire II","2037",828326
"Scénario B-00-2025 'haut'","Femmes","Degré secondaire II","2038",815287
"Scénario B-00-2025 'haut'","Femmes","Degré secondaire II","2039",802385
"Scénario B-00-2025 'haut'","Femmes","Degré secondaire II","2040",789498
"Scénario B-00-2025 'haut'","Femmes","Degré secondaire II","2041",776514
"Scénario B-00-2025 'haut'","Femmes","Degré secondaire II","2042",763119
"Scénario B-00-2025 'haut'","Femmes","Degré secondaire II","2043",749821
"Scénario B-00-2025 'haut'","Femmes","Degré secondaire II","2044",736014
"Scénario B-00-2025 'haut'","Femmes","Degré secondaire II","2045",721925
"Scénario B-00-2025 'haut'","Femmes","Degré secondaire II","2046",708722
"Scénario B-00-2025 'haut'","Femmes","Degré secondaire II","2047",693845
"Scénario B-00-2025 'haut'","Femmes","Degré secondaire II","2048",679311
"Scénario B-00-2025 'haut'","Femmes","Degré secondaire II","2049",666569
"Scénario B-00-2025 'haut'","Femmes","Degré secondaire II","2050",653676
"Scénario B-00-2025 'haut'","Femmes","Degré secondaire II","2051",640602
"Scénario B-00-2025 'haut'","Femmes","Degré secondaire II","2052",627439
"Scénario B-00-2025 'haut'","Femmes","Degré secondaire II","2053",613647
"Scénario B-00-2025 'haut'","Femmes","Degré secondaire II","2054",599780
"Scénario B-00-2025 'haut'","Femmes","Degré secondaire II","2055",585589
"Scénario B-00-2025 'haut'","Femmes","Degré tertiaire (formation professionnelle supérieure)","2024",327479
"Scénario B-00-2025 'haut'","Femmes","Degré tertiaire (formation professionnelle supérieure)","2025",333846
"Scénario B-00-2025 'haut'","Femmes","Degré tertiaire (formation professionnelle supérieure)","2026",339283
"Scénario B-00-2025 'haut'","Femmes","Degré tertiaire (formation professionnelle supérieure)","2027",344524
"Scénario B-00-2025 'haut'","Femmes","Degré tertiaire (formation professionnelle supérieure)","2028",350226
"Scénario B-00-2025 'haut'","Femmes","Degré tertiaire (formation professionnelle supérieure)","2029",356585
"Scénario B-00-2025 'haut'","Femmes","Degré tertiaire (formation professionnelle supérieure)","2030",363030
"Scénario B-00-2025 'haut'","Femmes","Degré tertiaire (formation professionnelle supérieure)","2031",369166
"Scénario B-00-2025 'haut'","Femmes","Degré tertiaire (formation professionnelle supérieure)","2032",375190
"Scénario B-00-2025 'haut'","Femmes","Degré tertiaire (formation professionnelle supérieure)","2033",381068
"Scénario B-00-2025 'haut'","Femmes","Degré tertiaire (formation professionnelle supérieure)","2034",387003
"Scénario B-00-2025 'haut'","Femmes","Degré tertiaire (formation professionnelle supérieure)","2035",393188
"Scénario B-00-2025 'haut'","Femmes","Degré tertiaire (formation professionnelle supérieure)","2036",399280
"Scénario B-00-2025 'haut'","Femmes","Degré tertiaire (formation professionnelle supérieure)","2037",405645
"Scénario B-00-2025 'haut'","Femmes","Degré tertiaire (formation professionnelle supérieure)","2038",412199
"Scénario B-00-2025 'haut'","Femmes","Degré tertiaire (formation professionnelle supérieure)","2039",418989
"Scénario B-00-2025 'haut'","Femmes","Degré tertiaire (formation professionnelle supérieure)","2040",425911
"Scénario B-00-2025 'haut'","Femmes","Degré tertiaire (formation professionnelle supérieure)","2041",432855
"Scénario B-00-2025 'haut'","Femmes","Degré tertiaire (formation professionnelle supérieure)","2042",439713
"Scénario B-00-2025 'haut'","Femmes","Degré tertiaire (formation professionnelle supérieure)","2043",446508
"Scénario B-00-2025 'haut'","Femmes","Degré tertiaire (formation professionnelle supérieure)","2044",453068
"Scénario B-00-2025 'haut'","Femmes","Degré tertiaire (formation professionnelle supérieure)","2045",459449
"Scénario B-00-2025 'haut'","Femmes","Degré tertiaire (formation professionnelle supérieure)","2046",466161
"Scénario B-00-2025 'haut'","Femmes","Degré tertiaire (formation professionnelle supérieure)","2047",472314
"Scénario B-00-2025 'haut'","Femmes","Degré tertiaire (formation professionnelle supérieure)","2048",478375
"Scénario B-00-2025 'haut'","Femmes","Degré tertiaire (formation professionnelle supérieure)","2049",484827
"Scénario B-00-2025 'haut'","Femmes","Degré tertiaire (formation professionnelle supérieure)","2050",491340
"Scénario B-00-2025 'haut'","Femmes","Degré tertiaire (formation professionnelle supérieure)","2051",497746
"Scénario B-00-2025 'haut'","Femmes","Degré tertiaire (formation professionnelle supérieure)","2052",504283
"Scénario B-00-2025 'haut'","Femmes","Degré tertiaire (formation professionnelle supérieure)","2053",510527
"Scénario B-00-2025 'haut'","Femmes","Degré tertiaire (formation professionnelle supérieure)","2054",516804
"Scénario B-00-2025 'haut'","Femmes","Degré tertiaire (formation professionnelle supérieure)","2055",522957
"Scénario B-00-2025 'haut'","Femmes","Degré tertiaire (hautes écoles)","2024",784680
"Scénario B-00-2025 'haut'","Femmes","Degré tertiaire (hautes écoles)","2025",817804
"Scénario B-00-2025 'haut'","Femmes","Degré tertiaire (hautes écoles)","2026",848198
"Scénario B-00-2025 'haut'","Femmes","Degré tertiaire (hautes écoles)","2027",875452
"Scénario B-00-2025 'haut'","Femmes","Degré tertiaire (hautes écoles)","2028",902909
"Scénario B-00-2025 'haut'","Femmes","Degré tertiaire (hautes écoles)","2029",930279
"Scénario B-00-2025 'haut'","Femmes","Degré tertiaire (hautes écoles)","2030",957841
"Scénario B-00-2025 'haut'","Femmes","Degré tertiaire (hautes écoles)","2031",985451
"Scénario B-00-2025 'haut'","Femmes","Degré tertiaire (hautes écoles)","2032",1012953
"Scénario B-00-2025 'haut'","Femmes","Degré tertiaire (hautes écoles)","2033",1040201
"Scénario B-00-2025 'haut'","Femmes","Degré tertiaire (hautes écoles)","2034",1067437
"Scénario B-00-2025 'haut'","Femmes","Degré tertiaire (hautes écoles)","2035",1094617
"Scénario B-00-2025 'haut'","Femmes","Degré tertiaire (hautes écoles)","2036",1121299
"Scénario B-00-2025 'haut'","Femmes","Degré tertiaire (hautes écoles)","2037",1147803
"Scénario B-00-2025 'haut'","Femmes","Degré tertiaire (hautes écoles)","2038",1173795
"Scénario B-00-2025 'haut'","Femmes","Degré tertiaire (hautes écoles)","2039",1199272
"Scénario B-00-2025 'haut'","Femmes","Degré tertiaire (hautes écoles)","2040",1224175
"Scénario B-00-2025 'haut'","Femmes","Degré tertiaire (hautes écoles)","2041",1248582
"Scénario B-00-2025 'haut'","Femmes","Degré tertiaire (hautes écoles)","2042",1272250
"Scénario B-00-2025 'haut'","Femmes","Degré tertiaire (hautes écoles)","2043",1295350
"Scénario B-00-2025 'haut'","Femmes","Degré tertiaire (hautes écoles)","2044",1317497
"Scénario B-00-2025 'haut'","Femmes","Degré tertiaire (hautes écoles)","2045",1338493
"Scénario B-00-2025 'haut'","Femmes","Degré tertiaire (hautes écoles)","2046",1359634
"Scénario B-00-2025 'haut'","Femmes","Degré tertiaire (hautes écoles)","2047",1379049
"Scénario B-00-2025 'haut'","Femmes","Degré tertiaire (hautes écoles)","2048",1397584
"Scénario B-00-2025 'haut'","Femmes","Degré tertiaire (hautes écoles)","2049",1416402
"Scénario B-00-2025 'haut'","Femmes","Degré tertiaire (hautes écoles)","2050",1434695
"Scénario B-00-2025 'haut'","Femmes","Degré tertiaire (hautes écoles)","2051",1452373
"Scénario B-00-2025 'haut'","Femmes","Degré tertiaire (hautes écoles)","2052",1469827
"Scénario B-00-2025 'haut'","Femmes","Degré tertiaire (hautes écoles)","2053",1486251
"Scénario B-00-2025 'haut'","Femmes","Degré tertiaire (hautes écoles)","2054",1502258
"Scénario B-00-2025 'haut'","Femmes","Degré tertiaire (hautes écoles)","2055",1517477
